species,mean_body_mass,max_body_mass,count
Adelie,3392.8571428571427,3700,7
Chinstrap,3527.205882352941,4150,34
Gentoo,4679.741379310345,5200,58
